{"_runtime":0.827872878,"_step":0,"accuracy":0.95,"loss":0.05,"_wandb":{"runtime":0},"_timestamp":1.740994195624223e+09}