{"loss":0.01,"_timestamp":1.7409954854749467e+09,"_runtime":0.699586073,"_step":9,"_wandb":{"runtime":0},"epoch":10,"accuracy":0.9500000000000001}