{"accuracy":0.9,"loss":0.07,"_timestamp":1.740994938405189e+09,"_runtime":0.629774323,"_step":0,"_wandb":{"runtime":0}}