{"_runtime":0.653362245,"_step":9,"_wandb":{"runtime":0},"epoch":10,"accuracy":0.9500000000000001,"loss":0.01,"_timestamp":1.740995410034058e+09}