{"_timestamp":1.7409950763925538e+09,"_runtime":0.665563526,"_step":0,"_wandb":{"runtime":0},"accuracy":0.85,"loss":0.07}