{"train_loss":0.0017704669253900648,"val_loss":0.0017479021669761204,"_wandb":{"runtime":338},"_timestamp":1.7410933079627326e+09,"_runtime":279.627655903,"_step":2,"epoch":3}